,Date,Low,High,Close,Open
1275,2018-11-26,5.51,5.85,5.72,5.73
1274,2018-11-23,5.62,5.77,5.65,5.69
1273,2018-11-21,5.53,5.77,5.75,5.6
1272,2018-11-20,5.36,5.64,5.56,5.51
1271,2018-11-19,5.6,5.84,5.64,5.71
1270,2018-11-16,5.535,5.95,5.73,5.94
1269,2018-11-15,5.78,6.0,5.99,5.87
1268,2018-11-14,5.86,6.13,5.92,6.04
1267,2018-11-13,5.82,6.14,5.93,6.14
1266,2018-11-12,5.98,6.22,6.14,6.02
1265,2018-11-09,6.025,6.3802,6.08,6.33
1264,2018-11-08,6.01,6.42,6.4,6.03
1263,2018-11-07,5.78,6.22,6.01,6.19
1262,2018-11-06,5.59,6.35,6.12,5.73
1261,2018-11-05,5.56,6.07,5.73,5.61
1260,2018-11-02,5.32,5.765,5.54,5.7
1259,2018-11-01,5.26,6.01,5.64,6.01
1258,2018-10-31,5.72,7.84,5.91,6.82
1257,2018-10-30,9.65,10.08,10.05,9.65
1256,2018-10-29,9.57,9.93,9.69,9.7
1255,2018-10-26,9.32,9.73,9.57,9.55
1254,2018-10-25,9.6242,10.14,9.68,9.64
1253,2018-10-24,9.5,10.3,9.57,10.18
1252,2018-10-23,9.51,10.27,10.2,9.82
1251,2018-10-22,9.9,10.23,9.95,9.94
1250,2018-10-19,9.84,10.42,9.9,10.42
1249,2018-10-18,10.37,10.76,10.4,10.51
1248,2018-10-17,10.41,10.71,10.57,10.71
1247,2018-10-16,10.27,10.75,10.74,10.39
1246,2018-10-15,9.99,10.54,10.33,9.99
1245,2018-10-12,9.86,10.4,9.99,10.33
1244,2018-10-11,10.12,10.55,10.16,10.19
1243,2018-10-10,10.07,10.55,10.16,10.35
1242,2018-10-09,10.0727,10.5,10.37,10.11
1241,2018-10-08,10.13,10.55,10.17,10.22
1240,2018-10-05,10.145,10.52,10.25,10.26
1239,2018-10-04,10.02,10.45,10.25,10.34
1238,2018-10-03,10.17,10.41,10.37,10.29
1237,2018-10-02,10.1301,10.46,10.26,10.41
1236,2018-10-01,10.35,11.13,10.44,11.1
1235,2018-09-28,10.84,11.21,11.1,10.89
1234,2018-09-27,10.731,10.97,10.93,10.82
1233,2018-09-26,10.81,11.11,10.82,10.9
1232,2018-09-25,10.75,11.36,10.89,11.36
1231,2018-09-24,11.16,11.47,11.28,11.21
1230,2018-09-21,10.955,11.4,11.19,11.0
1229,2018-09-20,10.57,11.03,10.98,10.65
1228,2018-09-19,10.67,10.94,10.9,10.67
1227,2018-09-18,10.53,10.9969,10.72,10.76
1226,2018-09-17,10.465,10.75,10.71,10.7
1225,2018-09-14,10.52,10.91,10.69,10.91
1224,2018-09-13,10.775,11.03,10.95,10.95
1223,2018-09-12,10.64,11.21,10.92,11.09
1222,2018-09-11,10.705,11.13,11.09,10.79
1221,2018-09-10,10.2711,10.83,10.8,10.7
1220,2018-09-07,10.71,11.38,10.83,11.2
1219,2018-09-06,11.22,11.57,11.25,11.5
1218,2018-09-05,11.21,11.52,11.43,11.37
1217,2018-09-04,11.18,11.62,11.38,11.25
1216,2018-08-31,11.03,11.47,11.3,11.03
1215,2018-08-30,10.78,11.2,11.07,11.2
1214,2018-08-29,11.0,11.23,11.2,11.13
1213,2018-08-28,11.12,11.36,11.16,11.24
1212,2018-08-27,11.14,11.32,11.16,11.25
1211,2018-08-24,10.9412,11.29,11.17,11.15
1210,2018-08-23,11.121,11.35,11.17,11.28
1209,2018-08-22,11.17,11.54,11.32,11.36
1208,2018-08-21,11.2232,11.49,11.33,11.28
1207,2018-08-20,10.96,11.41,11.21,11.35
1206,2018-08-17,10.89,11.3,11.28,11.12
1205,2018-08-16,11.01,11.46,11.15,11.06
1204,2018-08-15,10.8,11.63,10.94,11.63
1203,2018-08-14,11.66,12.4172,11.73,12.06
1202,2018-08-13,11.3398,12.268,12.02,11.38
1201,2018-08-10,10.91,11.43,11.38,11.04
1200,2018-08-09,11.01,11.4743,11.07,11.11
1199,2018-08-08,10.6,11.28,10.99,10.81
1198,2018-08-07,10.45,11.09,10.81,10.55
1197,2018-08-06,10.47,11.53,10.58,10.9
1196,2018-08-03,9.86,10.94,10.9,10.0
1195,2018-08-02,9.2733,10.15,10.02,9.35
1194,2018-08-01,7.7,9.8,9.58,7.9
1193,2018-07-31,6.51,6.72,6.63,6.59
1192,2018-07-30,6.561,6.9,6.62,6.75
1191,2018-07-27,6.65,6.89,6.67,6.81
1190,2018-07-26,6.72,7.18,6.76,7.12
1189,2018-07-25,7.03,7.26,7.11,7.14
1188,2018-07-24,6.87,7.39,7.14,7.3
1187,2018-07-23,7.2,7.78,7.26,7.74
1186,2018-07-20,7.65,7.93,7.72,7.88
1185,2018-07-19,7.85,8.12,7.91,7.98
1184,2018-07-18,8.01,8.23,8.05,8.2
1183,2018-07-17,8.05,8.24,8.22,8.1
1182,2018-07-16,7.95,8.2899,8.1,8.17
1181,2018-07-13,8.14,8.4621,8.17,8.39
1180,2018-07-12,8.321,8.55,8.39,8.5
1179,2018-07-11,8.38,8.65,8.46,8.56
1178,2018-07-10,8.53,8.71,8.59,8.71
1177,2018-07-09,8.4,8.7,8.61,8.54
1176,2018-07-06,8.45,8.75,8.48,8.57
1175,2018-07-05,8.131,8.63,8.6,8.23
1174,2018-07-03,8.07,8.39,8.18,8.26
1173,2018-07-02,8.09,8.47,8.3,8.37
1172,2018-06-29,8.36,8.6699,8.41,8.57
1171,2018-06-28,8.25,8.76,8.54,8.33
1170,2018-06-27,8.32,8.75,8.33,8.71
1169,2018-06-26,8.4631,8.8,8.76,8.53
1168,2018-06-25,8.43,8.7,8.54,8.7
1167,2018-06-22,8.4,8.76,8.7,8.55
1166,2018-06-21,8.61,8.93,8.71,8.66
1165,2018-06-20,8.58,8.83,8.65,8.68
1164,2018-06-19,8.1349,8.74,8.66,8.38
1163,2018-06-18,8.37,8.75,8.43,8.66
1162,2018-06-15,8.16,8.85,8.74,8.16
1161,2018-06-14,7.85,8.21,8.15,8.0
1160,2018-06-13,7.9,8.2,7.99,8.14
1159,2018-06-12,8.05,8.54,8.14,8.45
1158,2018-06-11,8.17,8.47,8.41,8.24
1157,2018-06-08,8.09,8.42,8.22,8.35
1156,2018-06-07,8.23,8.56,8.35,8.31
1155,2018-06-06,8.04,8.385,8.31,8.04
1154,2018-06-05,7.85,8.04,7.99,7.87
1153,2018-06-04,7.69,8.032,7.85,7.7
1152,2018-06-01,7.55,7.75,7.68,7.7
1151,2018-05-31,7.65,7.91,7.66,7.86
1150,2018-05-30,7.63,7.95,7.87,7.68
1149,2018-05-29,7.52,7.92,7.65,7.71
1148,2018-05-25,7.23,7.85,7.82,7.34
1147,2018-05-24,7.25,7.5956,7.3,7.5
1146,2018-05-23,7.25,7.64,7.57,7.32
1145,2018-05-22,7.6162,8.5,8.18,7.66
1144,2018-05-21,7.48,8.41,7.56,8.25
1143,2018-05-18,7.21,8.3299,8.01,7.31
1142,2018-05-17,7.1,7.3515,7.29,7.12
1141,2018-05-16,6.47,7.1,7.07,6.47
1140,2018-05-15,6.38,6.55,6.43,6.43
1139,2018-05-14,6.38,6.51,6.49,6.38
1138,2018-05-11,6.37,6.48,6.41,6.37
1137,2018-05-10,6.31,6.585,6.4,6.32
1136,2018-05-09,6.32,6.53,6.34,6.51
1135,2018-05-08,6.36,6.58,6.48,6.56
1134,2018-05-07,6.21,6.62,6.57,6.28
1133,2018-05-04,5.96,6.38,6.21,6.07
1132,2018-05-03,6.06,6.25,6.08,6.22
1131,2018-05-02,6.18,6.31,6.24,6.2
1130,2018-05-01,6.09,6.25,6.23,6.21
1129,2018-04-30,6.18,6.4,6.23,6.37
1128,2018-04-27,6.05,6.34,6.33,6.2
1127,2018-04-26,5.94,6.24,6.17,6.0
1126,2018-04-25,5.85,6.17,5.99,6.17
1125,2018-04-24,5.77,6.19,6.13,5.89
1124,2018-04-23,5.71,5.89,5.83,5.76
1123,2018-04-20,5.7,5.89,5.72,5.82
1122,2018-04-19,5.76,5.96,5.85,5.83
1121,2018-04-18,5.78,5.94,5.81,5.84
1120,2018-04-17,5.8,5.94,5.81,5.88
1119,2018-04-16,5.591,5.85,5.77,5.65
1118,2018-04-13,5.6002,5.79,5.64,5.74
1117,2018-04-12,5.68,5.85,5.7,5.75
1116,2018-04-11,5.71,5.8254,5.75,5.72
1115,2018-04-10,5.61,5.85,5.76,5.67
1114,2018-04-09,5.57,5.84,5.59,5.84
1113,2018-04-06,5.71,5.88,5.78,5.78
1112,2018-04-05,5.77,5.88,5.83,5.79
1111,2018-04-04,5.5598,5.7763,5.75,5.58
1110,2018-04-03,5.56,5.75,5.67,5.65
1109,2018-04-02,5.33,5.61,5.52,5.5
1108,2018-03-29,5.33,5.7,5.44,5.46
1107,2018-03-28,5.335,5.64,5.38,5.59
1106,2018-03-27,5.5,5.65,5.57,5.64
1105,2018-03-26,5.3101,5.65,5.61,5.41
1104,2018-03-23,5.26,5.44,5.31,5.39
1103,2018-03-22,5.23,5.48,5.36,5.45
1102,2018-03-21,5.37,5.64,5.5,5.4
1101,2018-03-20,5.37,5.7,5.4,5.64
1100,2018-03-19,5.44,5.67,5.65,5.65
1099,2018-03-16,5.475,5.79,5.65,5.53
1098,2018-03-15,5.37,5.54,5.53,5.4
1097,2018-03-14,5.35,5.5,5.39,5.47
1096,2018-03-13,5.38,5.86,5.43,5.6
1095,2018-03-12,5.32,5.65,5.56,5.49
1094,2018-03-09,5.05,5.77,5.31,5.1
1093,2018-03-08,4.69,4.98,4.72,4.93
1092,2018-03-07,4.725,4.96,4.92,4.85
1091,2018-03-06,4.69,4.95,4.91,4.72
1090,2018-03-05,4.69,4.9,4.72,4.87
1089,2018-03-02,4.68,4.895,4.87,4.8
1088,2018-03-01,4.75,5.1,4.84,5.03
1087,2018-02-28,4.95,5.12,5.05,4.99
1086,2018-02-27,4.82,5.02,5.01,4.89
1085,2018-02-26,4.76,4.87,4.78,4.87
1084,2018-02-23,4.78,4.86,4.83,4.78
1083,2018-02-22,4.699,4.85,4.75,4.73
1082,2018-02-21,4.71,4.92,4.73,4.87
1081,2018-02-20,4.83,5.08,4.85,5.01
1080,2018-02-16,4.93,5.17,4.99,5.04
1079,2018-02-15,4.972,5.185,5.06,5.12
1078,2018-02-14,4.91,5.14,5.09,4.99
1077,2018-02-13,4.72,5.01,5.0,4.72
1076,2018-02-12,4.5604,4.78,4.77,4.7
1075,2018-02-09,4.47,4.9,4.67,4.9
1074,2018-02-08,4.61,5.0,4.86,4.75
1073,2018-02-07,3.57,5.07,4.73,4.23
1072,2018-02-06,4.36,4.97,4.75,4.4
1071,2018-02-05,4.5,4.71,4.51,4.63
1070,2018-02-02,4.6,4.8,4.69,4.69
1069,2018-02-01,4.66,4.82,4.76,4.75
1068,2018-01-31,4.715,4.96,4.76,4.94
1067,2018-01-30,4.71,4.92,4.91,4.89
1066,2018-01-29,4.85,4.94,4.9,4.92
1065,2018-01-26,4.82,5.04,4.96,5.04
1064,2018-01-25,4.88,5.0402,5.02,5.02
1063,2018-01-24,4.85,5.02,4.99,4.98
1062,2018-01-23,4.81,5.0,4.99,4.98
1061,2018-01-22,4.8,4.98,4.95,4.92
1060,2018-01-19,4.69,5.1,5.01,4.71
1059,2018-01-18,4.72,4.89,4.73,4.84
1058,2018-01-17,4.6805,4.96,4.86,4.81
1057,2018-01-16,4.55,5.01,4.74,5.01
1056,2018-01-12,4.87,5.08,4.9,4.98
1055,2018-01-11,4.88,5.05,4.99,4.88
1054,2018-01-10,4.57,4.94,4.93,4.62
1053,2018-01-09,4.57,4.87,4.64,4.87
1052,2018-01-08,4.65,4.94,4.88,4.84
1051,2018-01-05,4.77,4.94,4.85,4.94
1050,2018-01-04,4.75,4.99,4.96,4.85
1049,2018-01-03,4.83,5.08,4.85,5.04
1048,2018-01-02,4.7151,5.09,5.08,4.79
1047,2017-12-29,4.73,5.05,4.74,5.05
1046,2017-12-28,4.83,5.12,5.07,4.98
1045,2017-12-27,4.8,5.39,4.96,5.39
1044,2017-12-26,5.32,5.47,5.42,5.32
1043,2017-12-22,5.34,5.45,5.37,5.44
1042,2017-12-21,5.35,5.49,5.41,5.46
1041,2017-12-20,5.33,5.48,5.41,5.38
1040,2017-12-19,5.3,5.57,5.35,5.46
1039,2017-12-18,5.33,5.58,5.57,5.5
1038,2017-12-15,5.26,5.46,5.34,5.35
1037,2017-12-14,5.21,5.57,5.3,5.5
1036,2017-12-13,5.48,5.632,5.52,5.52
1035,2017-12-12,5.5,5.65,5.52,5.65
1034,2017-12-11,5.63,5.95,5.67,5.94
1033,2017-12-08,5.911,6.115,5.94,6.07
1032,2017-12-07,5.93,6.14,6.07,6.07
1031,2017-12-06,5.93,6.15,6.03,6.06
1030,2017-12-05,5.89,6.13,6.05,6.07
1029,2017-12-04,5.9,6.27,6.09,5.9
1028,2017-12-01,5.44,5.92,5.9,5.69
1027,2017-11-30,5.62,5.88,5.7,5.8
1026,2017-11-29,5.48,5.81,5.8,5.48
1025,2017-11-28,5.23,5.55,5.49,5.25
1024,2017-11-27,5.12,5.35,5.22,5.35
1023,2017-11-24,5.1,5.39,5.38,5.24
1022,2017-11-22,5.18,5.47,5.18,5.42
1021,2017-11-21,5.33,5.55,5.4,5.51
1020,2017-11-20,5.31,5.62,5.5,5.55
1019,2017-11-17,5.21,5.55,5.51,5.31
1018,2017-11-16,5.04,5.27,5.23,5.06
1017,2017-11-15,5.01,5.5,5.02,5.48
1016,2017-11-14,5.43,5.74,5.5,5.57
1015,2017-11-13,5.38,5.65,5.56,5.41
1014,2017-11-10,5.2,5.49,5.37,5.37
1013,2017-11-09,5.15,5.59,5.34,5.15
1012,2017-11-08,4.17,5.23,5.2,4.7
1011,2017-11-07,3.78,3.98,3.83,3.88
1010,2017-11-06,3.55,3.85,3.77,3.55
1009,2017-11-03,3.53,3.69,3.56,3.69
1008,2017-11-02,3.59,3.7,3.63,3.68
1007,2017-11-01,3.62,3.83,3.68,3.63
1006,2017-10-31,3.6,3.74,3.61,3.71
1005,2017-10-30,3.69,3.8,3.71,3.79
1004,2017-10-27,3.79,3.98,3.8,3.93
1003,2017-10-26,3.92,4.04,3.94,3.98
1002,2017-10-25,3.91,3.98,3.97,3.93
1001,2017-10-24,3.93,3.99,3.95,3.96
1000,2017-10-23,3.91,4.13,3.95,4.0
999,2017-10-20,3.91,4.06,3.99,3.97
998,2017-10-19,3.9,4.07,3.94,4.05
997,2017-10-18,4.07,4.3,4.1,4.19
996,2017-10-17,4.03,4.24,4.23,4.07
995,2017-10-16,3.94,4.11,4.09,3.96
994,2017-10-13,3.93,4.01,3.94,3.98
993,2017-10-12,3.92,4.04,3.94,4.03
992,2017-10-11,4.01,4.14,4.06,4.03
991,2017-10-10,4.03,4.17,4.05,4.1
990,2017-10-09,4.01,4.24,4.06,4.21
989,2017-10-06,4.18,4.28,4.23,4.25
988,2017-10-05,4.2,4.33,4.25,4.25
987,2017-10-04,4.2,4.38,4.25,4.23
986,2017-10-03,4.16,4.3,4.19,4.27
985,2017-10-02,4.19,4.28,4.26,4.24
984,2017-09-29,4.19,4.34,4.21,4.31
983,2017-09-28,4.28,4.39,4.31,4.32
982,2017-09-27,4.24,4.38,4.28,4.3
981,2017-09-26,4.24,4.36,4.27,4.25
980,2017-09-25,4.22,4.43,4.24,4.28
979,2017-09-22,4.2,4.31,4.29,4.25
978,2017-09-21,4.18,4.31,4.25,4.2
977,2017-09-20,4.12,4.22,4.21,4.16
976,2017-09-19,4.11,4.26,4.19,4.17
975,2017-09-18,4.1,4.18,4.14,4.15
974,2017-09-15,4.08,4.2,4.15,4.16
973,2017-09-14,4.1,4.21,4.15,4.17
972,2017-09-13,4.09,4.24,4.15,4.09
971,2017-09-12,4.08,4.28,4.1,4.18
970,2017-09-11,4.16,4.23,4.18,4.22
969,2017-09-08,4.08,4.25,4.23,4.2
968,2017-09-07,4.12,4.22,4.2,4.14
967,2017-09-06,4.04,4.2,4.11,4.15
966,2017-09-05,4.02,4.25,4.11,4.19
965,2017-09-01,4.0331,4.22,4.22,4.06
964,2017-08-31,4.02,4.17,4.06,4.17
963,2017-08-30,4.08,4.17,4.11,4.15
962,2017-08-29,4.06,4.31,4.11,4.31
961,2017-08-28,4.23,4.4,4.29,4.37
960,2017-08-25,4.21,4.37,4.35,4.28
959,2017-08-24,4.16,4.3,4.28,4.23
958,2017-08-23,4.08,4.21,4.16,4.08
957,2017-08-22,4.06,4.21,4.15,4.17
956,2017-08-21,4.02,4.33,4.16,4.15
955,2017-08-18,4.27,4.4,4.31,4.33
954,2017-08-17,4.2,4.38,4.33,4.24
953,2017-08-16,4.24,4.38,4.28,4.32
952,2017-08-15,4.35,4.659,4.36,4.63
951,2017-08-14,4.38,4.65,4.64,4.49
950,2017-08-11,4.31,4.54,4.46,4.35
949,2017-08-10,4.31,4.58,4.4,4.54
948,2017-08-09,4.4512,4.63,4.6,4.49
947,2017-08-08,4.47,4.68,4.54,4.67
946,2017-08-07,4.5,4.75,4.6,4.71
945,2017-08-04,4.38,4.73,4.7,4.38
944,2017-08-03,4.27,5.35,4.32,5.24
943,2017-08-02,5.41,5.55,5.51,5.5
942,2017-08-01,5.33,5.57,5.55,5.43
941,2017-07-31,5.21,5.37,5.35,5.29
940,2017-07-28,5.26,5.42,5.28,5.31
939,2017-07-27,5.27,5.44,5.33,5.39
938,2017-07-26,5.26,5.52,5.38,5.46
937,2017-07-25,5.27,5.55,5.47,5.3
936,2017-07-24,5.21,5.34,5.27,5.22
935,2017-07-21,5.21,5.61,5.23,5.59
934,2017-07-20,5.4,5.62,5.55,5.58
933,2017-07-19,5.53,5.67,5.57,5.63
932,2017-07-18,5.53,5.74,5.58,5.62
931,2017-07-17,5.63,5.85,5.66,5.7
930,2017-07-14,5.63,5.84,5.76,5.77
929,2017-07-13,5.64,5.79,5.77,5.65
928,2017-07-12,5.49,5.74,5.66,5.6
927,2017-07-11,5.43,5.61,5.57,5.43
926,2017-07-10,5.42,5.64,5.44,5.58
925,2017-07-07,5.57,5.7,5.58,5.67
924,2017-07-06,5.5801,5.95,5.67,5.65
923,2017-07-05,5.62,6.22,5.67,6.22
922,2017-07-03,5.88,6.37,6.28,5.95
921,2017-06-30,5.66,5.96,5.92,5.86
920,2017-06-29,5.64,5.87,5.86,5.7
919,2017-06-28,5.62,5.81,5.69,5.74
918,2017-06-27,5.54,5.77,5.7,5.67
917,2017-06-26,5.41,5.73,5.67,5.41
916,2017-06-23,5.38,5.58,5.41,5.5
915,2017-06-22,5.35,5.57,5.49,5.41
914,2017-06-21,5.32,5.8,5.41,5.79
913,2017-06-20,5.55,5.89,5.76,5.89
912,2017-06-19,5.65,5.93,5.85,5.77
911,2017-06-16,5.57,5.87,5.75,5.87
910,2017-06-15,5.77,6.12,5.91,5.86
909,2017-06-14,5.73,5.99,5.98,5.92
908,2017-06-13,5.77,5.99,5.94,5.87
907,2017-06-12,5.8,5.99,5.84,5.83
906,2017-06-09,5.52,5.89,5.82,5.6
905,2017-06-08,5.42,5.7,5.62,5.44
904,2017-06-07,5.24,5.48,5.45,5.32
903,2017-06-06,5.22,5.6,5.36,5.59
902,2017-06-05,5.45,5.72,5.63,5.55
901,2017-06-02,5.54,5.77,5.63,5.72
900,2017-06-01,5.68,5.94,5.78,5.71
899,2017-05-31,5.61,5.83,5.76,5.69
898,2017-05-30,5.49,5.83,5.78,5.65
897,2017-05-26,5.38,5.69,5.68,5.57
896,2017-05-25,5.4,5.69,5.58,5.55
895,2017-05-24,5.18,6.07,5.5,5.6
894,2017-05-23,4.09,4.25,4.15,4.15
893,2017-05-22,3.97,4.23,4.19,4.04
892,2017-05-19,3.86,4.02,4.01,3.9
891,2017-05-18,3.82,3.99,3.9,3.91
890,2017-05-17,3.82,3.96,3.9,3.84
889,2017-05-16,3.81,3.92,3.88,3.9
888,2017-05-15,3.86,3.98,3.93,3.9
887,2017-05-12,3.87,3.98,3.9,3.93
886,2017-05-11,3.9,4.09,3.98,4.06
885,2017-05-10,4.01,4.1,4.04,4.08
884,2017-05-09,3.97,4.14,4.09,4.09
883,2017-05-08,4.06,4.12,4.09,4.11
882,2017-05-05,4.03,4.15,4.11,4.12
881,2017-05-04,4.04,4.24,4.04,4.24
880,2017-05-03,4.12,4.3,4.21,4.25
879,2017-05-02,4.12,4.35,4.29,4.12
878,2017-05-01,4.05,4.19,4.18,4.1
877,2017-04-28,4.11,4.37,4.12,4.33
876,2017-04-27,4.22,4.37,4.34,4.33
875,2017-04-26,4.23,4.42,4.32,4.24
874,2017-04-25,4.14,4.31,4.24,4.26
873,2017-04-24,4.19,4.33,4.26,4.3
872,2017-04-21,4.12,4.28,4.24,4.25
871,2017-04-20,4.07,4.3,4.27,4.1
870,2017-04-19,4.02,4.13,4.09,4.06
869,2017-04-18,4.02,4.09,4.04,4.06
868,2017-04-17,3.97,4.13,4.1,4.06
867,2017-04-13,3.97,4.1,4.03,4.07
866,2017-04-12,3.97,4.17,4.05,4.17
865,2017-04-11,4.15,4.24,4.21,4.2
864,2017-04-10,3.96,4.26,4.21,4.03
863,2017-04-07,4.07,4.19,4.07,4.15
862,2017-04-06,4.03,4.19,4.15,4.11
861,2017-04-05,4.03,4.18,4.06,4.1
860,2017-04-04,4.05,4.14,4.1,4.05
859,2017-04-03,4.05,4.26,4.08,4.26
858,2017-03-31,4.21,4.35,4.23,4.35
857,2017-03-30,4.31,4.47,4.37,4.4
856,2017-03-29,4.02,4.43,4.4,4.05
855,2017-03-28,3.96,4.05,4.05,3.96
854,2017-03-27,3.88,3.98,3.96,3.89
853,2017-03-24,3.9,3.98,3.95,3.98
852,2017-03-23,3.93,4.03,3.97,3.93
851,2017-03-22,3.82,3.94,3.94,3.94
850,2017-03-21,3.85,4.02,3.96,4.02
849,2017-03-20,3.95,4.14,4.0,4.14
848,2017-03-17,4.02,4.15,4.14,4.13
847,2017-03-16,3.98,4.16,4.1,3.98
846,2017-03-15,3.86,4.01,3.98,3.94
845,2017-03-14,3.85,4.02,3.92,3.93
844,2017-03-13,3.92,4.01,3.96,4.01
843,2017-03-10,3.95,4.06,4.01,4.0
842,2017-03-09,3.92,4.35,3.94,4.35
841,2017-03-08,3.93,4.4,4.39,3.95
840,2017-03-07,3.87,4.08,3.96,4.05
839,2017-03-06,4.0,4.12,4.05,4.1
838,2017-03-03,4.05,4.26,4.12,4.21
837,2017-03-02,4.15,4.25,4.21,4.21
836,2017-03-01,4.12,4.32,4.21,4.17
835,2017-02-28,4.1,4.3,4.2,4.27
834,2017-02-27,4.21,4.37,4.3,4.27
833,2017-02-24,4.16,4.34,4.3,4.23
832,2017-02-23,4.19,4.3,4.21,4.29
831,2017-02-22,4.21,4.33,4.26,4.32
830,2017-02-21,4.22,4.38,4.31,4.3
829,2017-02-17,4.19,4.34,4.31,4.27
828,2017-02-16,4.18,4.3,4.26,4.25
827,2017-02-15,4.21,4.35,4.27,4.3
826,2017-02-14,4.2,4.36,4.25,4.35
825,2017-02-13,4.2,4.45,4.38,4.2
824,2017-02-10,4.2,4.54,4.2,4.38
823,2017-02-09,3.85,4.25,4.21,3.85
822,2017-02-08,3.75,4.2,3.8,4.2
821,2017-02-07,4.3,4.63,4.32,4.63
820,2017-02-06,4.62,4.88,4.63,4.65
819,2017-02-03,4.64,4.76,4.65,4.68
818,2017-02-02,4.65,4.85,4.68,4.76
817,2017-02-01,4.71,5.03,4.77,4.9
816,2017-01-31,4.75,4.88,4.87,4.83
815,2017-01-30,4.85,5.04,4.88,5.03
814,2017-01-27,4.99,5.07,5.06,5.01
813,2017-01-26,5.0,5.11,5.01,5.11
812,2017-01-25,5.05,5.1999,5.1,5.07
811,2017-01-24,5.0085,5.146,5.06,5.08
810,2017-01-23,4.96,5.125,5.08,5.09
809,2017-01-20,5.04,5.18,5.09,5.15
808,2017-01-19,5.02,5.15,5.09,5.15
807,2017-01-18,5.0,5.18,5.17,5.12
806,2017-01-17,5.05,5.42,5.18,5.4
805,2017-01-13,5.55,5.76,5.59,5.66
804,2017-01-12,5.5,5.78,5.65,5.78
803,2017-01-11,5.66,5.91,5.76,5.91
802,2017-01-10,5.8,6.03,5.88,5.8
801,2017-01-09,5.66,5.89,5.73,5.85
800,2017-01-06,5.82,6.29,5.83,6.29
799,2017-01-05,6.22,6.6,6.29,6.6
798,2017-01-04,6.5,6.74,6.69,6.51
797,2017-01-03,6.3,6.5967,6.49,6.36
796,2016-12-30,6.22,6.55,6.35,6.53
795,2016-12-29,6.41,6.62,6.53,6.45
794,2016-12-28,6.39,6.7198,6.45,6.69
793,2016-12-27,6.38,6.65,6.63,6.54
792,2016-12-23,6.44,6.79,6.54,6.66
791,2016-12-22,6.5,7.14,6.68,7.1
790,2016-12-21,7.02,7.19,7.09,7.18
789,2016-12-20,6.75,7.19,7.15,6.85
788,2016-12-19,6.8332,7.19,6.94,6.96
787,2016-12-16,7.01,7.33,7.12,7.05
786,2016-12-15,6.805,7.3816,6.99,7.13
785,2016-12-14,7.12,7.54,7.17,7.52
784,2016-12-13,7.2601,7.66,7.5,7.6
783,2016-12-12,7.45,8.2499,7.48,8.13
782,2016-12-09,7.51,8.34,8.07,7.51
781,2016-12-08,6.7,7.54,7.51,6.84
780,2016-12-07,6.3,6.92,6.79,6.35
779,2016-12-06,5.94,6.27,6.23,6.0
778,2016-12-05,5.94,6.09,6.03,5.94
777,2016-12-02,5.75,6.0,5.9,5.82
776,2016-12-01,5.68,5.9,5.81,5.79
775,2016-11-30,5.7,6.08,5.75,6.0
774,2016-11-29,5.8,6.06,5.99,5.86
773,2016-11-28,5.7,6.04,5.77,6.04
772,2016-11-25,5.9001,6.058,5.94,6.01
771,2016-11-23,5.93,6.09,6.01,5.93
770,2016-11-22,5.8327,6.1,5.9,6.1
769,2016-11-21,5.87,6.119,6.02,5.94
768,2016-11-18,5.83,6.0,5.87,5.98
767,2016-11-17,5.915,6.14,5.93,5.93
766,2016-11-16,5.61,5.945,5.87,5.65
765,2016-11-15,5.4,5.75,5.69,5.4
764,2016-11-14,5.14,5.39,5.38,5.15
763,2016-11-11,4.9,5.18,5.07,5.1
762,2016-11-10,5.0,5.18,5.08,5.1
761,2016-11-09,4.69,5.06,4.99,4.69
760,2016-11-08,4.62,4.87,4.87,4.73
759,2016-11-07,4.73,4.88,4.76,4.76
758,2016-11-04,4.64,4.83,4.68,4.64
757,2016-11-03,4.615,4.83,4.62,4.82
756,2016-11-02,4.78,4.9,4.8,4.79
755,2016-11-01,4.8,4.97,4.8,4.92
754,2016-10-31,4.86,4.9133,4.88,4.89
753,2016-10-28,4.84,4.95,4.91,4.85
752,2016-10-27,4.85,5.12,4.85,5.06
751,2016-10-26,5.0,5.2,5.02,5.02
750,2016-10-25,4.95,5.15,5.06,5.12
749,2016-10-24,5.15,5.39,5.18,5.34
748,2016-10-21,5.076,5.36,5.29,5.1
747,2016-10-20,4.93,5.23,5.15,4.94
746,2016-10-19,4.88,5.05,4.97,4.88
745,2016-10-18,4.7482,4.9088,4.88,4.79
744,2016-10-17,4.58,4.79,4.73,4.68
743,2016-10-14,4.6201,4.78,4.66,4.68
742,2016-10-13,4.66,4.9,4.67,4.8
741,2016-10-12,4.82,5.33,4.86,5.33
740,2016-10-11,5.315,5.495,5.35,5.4
739,2016-10-10,5.28,5.4586,5.4,5.29
738,2016-10-07,5.19,5.379,5.23,5.36
737,2016-10-06,5.18,5.38,5.35,5.18
736,2016-10-05,5.07,5.39,5.27,5.1
735,2016-10-04,5.04,5.21,5.06,5.21
734,2016-10-03,4.96,5.21,5.19,4.98
733,2016-09-30,4.85,5.04,5.02,4.85
732,2016-09-29,4.835,5.095,4.84,5.03
731,2016-09-28,4.92,5.07,5.05,4.95
730,2016-09-27,4.91,5.065,4.92,5.0
729,2016-09-26,4.97,5.05,5.01,5.04
728,2016-09-23,5.0,5.15,5.09,5.0
727,2016-09-22,4.98,5.1,5.02,4.98
726,2016-09-21,4.88,5.05,4.95,4.99
725,2016-09-20,4.94,5.03,4.96,4.95
724,2016-09-19,4.91,5.07,4.93,4.95
723,2016-09-16,4.8,5.05,4.95,4.84
722,2016-09-15,4.78,4.95,4.88,4.81
721,2016-09-14,4.755,4.89,4.84,4.89
720,2016-09-13,4.83,5.1,4.84,5.07
719,2016-09-12,5.06,5.1999,5.15,5.09
718,2016-09-09,5.0,5.25,5.14,5.2
717,2016-09-08,5.25,5.4,5.29,5.37
716,2016-09-07,5.289,5.4,5.4,5.29
715,2016-09-06,5.25,5.388,5.3,5.29
714,2016-09-02,5.29,5.4,5.33,5.38
713,2016-09-01,5.23,5.362,5.35,5.34
712,2016-08-31,5.22,5.34,5.32,5.27
711,2016-08-30,5.25,5.39,5.3,5.29
710,2016-08-29,5.26,5.4199,5.35,5.3
709,2016-08-26,5.28,5.38,5.29,5.32
708,2016-08-25,5.29,5.46,5.33,5.37
707,2016-08-24,5.27,5.44,5.33,5.37
706,2016-08-23,5.37,5.52,5.43,5.4
705,2016-08-22,5.2,5.396,5.36,5.22
704,2016-08-19,5.28,5.41,5.3,5.28
703,2016-08-18,5.2001,5.35,5.32,5.24
702,2016-08-17,5.21,5.32,5.26,5.32
701,2016-08-16,5.19,5.35,5.31,5.26
700,2016-08-15,5.25,5.44,5.31,5.28
699,2016-08-12,5.16,5.33,5.33,5.3
698,2016-08-11,5.32,5.47,5.38,5.37
697,2016-08-10,5.28,5.64,5.4,5.3
696,2016-08-09,5.3183,5.52,5.33,5.47
695,2016-08-08,5.43,5.68,5.47,5.49
694,2016-08-05,5.3,5.65,5.53,5.3
693,2016-08-04,5.28,5.43,5.3,5.37
692,2016-08-03,5.19,5.44,5.43,5.26
691,2016-08-02,5.23,5.37,5.29,5.25
690,2016-08-01,5.05,5.45,5.35,5.36
689,2016-07-29,5.52,5.71,5.53,5.61
688,2016-07-28,5.62,5.87,5.65,5.85
687,2016-07-27,5.77,6.04,5.87,5.97
686,2016-07-26,5.91,6.135,5.92,6.04
685,2016-07-25,5.95,6.16,6.03,6.02
684,2016-07-22,5.82,6.11,6.05,5.9
683,2016-07-21,5.88,6.14,5.88,6.03
682,2016-07-20,5.78,6.13,6.05,5.86
681,2016-07-19,5.82,6.22,5.85,6.22
680,2016-07-18,5.66,5.98,5.93,5.7
679,2016-07-15,5.65,5.825,5.73,5.8
678,2016-07-14,5.59,5.87,5.76,5.67
677,2016-07-13,5.5601,5.96,5.65,5.89
676,2016-07-12,5.6733,5.97,5.88,5.69
675,2016-07-11,5.54,5.6999,5.6,5.54
674,2016-07-08,5.43,5.65,5.49,5.43
673,2016-07-07,5.29,5.516,5.34,5.34
672,2016-07-06,5.12,5.4,5.32,5.12
671,2016-07-05,5.09,5.4008,5.29,5.34
670,2016-07-01,5.33,5.63,5.42,5.38
669,2016-06-30,5.15,5.39,5.35,5.32
668,2016-06-29,5.05,5.34,5.31,5.15
667,2016-06-28,5.01,5.39,5.07,5.15
666,2016-06-27,4.92,5.369,5.05,5.3
665,2016-06-24,4.8,5.375,5.32,4.95
664,2016-06-23,4.86,5.538,5.32,4.86
663,2016-06-22,4.78,5.14,4.78,5.0
662,2016-06-21,4.91,5.21,4.98,5.14
661,2016-06-20,4.9586,5.18,5.06,4.96
660,2016-06-17,4.6,4.91,4.89,4.6
659,2016-06-16,4.475,4.86,4.64,4.74
658,2016-06-15,4.7,5.17,4.85,4.7
657,2016-06-14,4.65,4.92,4.67,4.8
656,2016-06-13,4.8,5.09,4.81,5.03
655,2016-06-10,4.96,5.27,5.05,5.22
654,2016-06-09,5.28,5.56,5.29,5.49
653,2016-06-08,5.42,5.58,5.55,5.54
652,2016-06-07,5.22,5.6,5.52,5.3
651,2016-06-06,5.167,5.3799,5.3,5.33
650,2016-06-03,5.2,5.43,5.3,5.38
649,2016-06-02,5.31,5.44,5.38,5.31
648,2016-06-01,5.2,5.36,5.31,5.36
647,2016-05-31,5.16,5.43,5.38,5.2
646,2016-05-27,5.09,5.26,5.18,5.16
645,2016-05-26,5.1,5.295,5.17,5.22
644,2016-05-25,5.08,5.23,5.17,5.21
643,2016-05-24,5.0902,5.37,5.17,5.33
642,2016-05-23,5.22,5.47,5.3,5.37
641,2016-05-20,5.085,5.4,5.34,5.13
640,2016-05-19,5.1,5.47,5.11,5.3
639,2016-05-18,5.33,5.617,5.33,5.51
638,2016-05-17,5.37,5.72,5.53,5.46
637,2016-05-16,5.45,5.7,5.46,5.51
636,2016-05-13,5.49,5.81,5.5,5.77
635,2016-05-12,5.62,6.0,5.77,6.0
634,2016-05-11,5.75,6.3568,5.96,6.33
633,2016-05-10,6.35,6.53,6.39,6.49
632,2016-05-09,6.29,6.51,6.47,6.42
631,2016-05-06,6.24,6.56,6.44,6.43
630,2016-05-05,6.32,6.61,6.39,6.49
629,2016-05-04,6.36,6.8486,6.38,6.5
628,2016-05-03,6.5,6.73,6.55,6.67
627,2016-05-02,6.73,7.12,6.81,7.08
626,2016-04-29,7.0,7.6112,7.1,7.5
625,2016-04-28,6.84,7.98,7.54,6.93
624,2016-04-27,6.78,7.34,6.91,6.92
623,2016-04-26,6.67,7.19,6.9,7.0
622,2016-04-25,5.785,6.32,5.83,6.32
621,2016-04-22,5.91,6.34,6.34,5.91
620,2016-04-21,5.89,6.17,5.94,6.1
619,2016-04-20,5.82,6.08,6.05,5.82
618,2016-04-19,5.77,6.09,5.83,6.03
617,2016-04-18,5.88,6.05,6.0,5.93
616,2016-04-15,5.81,6.02,5.96,5.85
615,2016-04-14,5.87,6.25,5.88,6.19
614,2016-04-13,5.97,6.47,6.19,5.97
613,2016-04-12,5.71,6.08,5.91,5.72
612,2016-04-11,5.65,5.91,5.7,5.65
611,2016-04-08,5.46,5.81,5.6,5.74
610,2016-04-07,5.65,5.97,5.69,5.89
609,2016-04-06,5.76,6.08,5.92,5.87
608,2016-04-05,5.74,6.13,5.85,6.08
607,2016-04-04,6.14,6.39,6.2,6.24
606,2016-04-01,5.77,6.25,6.22,5.81
605,2016-03-31,5.77,6.05,5.87,6.04
604,2016-03-30,5.94,6.2201,6.07,5.99
603,2016-03-29,5.77,6.0,5.94,5.97
602,2016-03-28,5.69,6.13,6.05,5.97
601,2016-03-24,5.405,5.95,5.92,5.66
600,2016-03-23,5.39,6.03,5.74,6.01
599,2016-03-22,6.0,6.335,6.03,6.27
598,2016-03-21,6.03,6.4256,6.31,6.27
597,2016-03-18,5.97,6.32,6.28,6.08
596,2016-03-17,5.62,6.13,5.98,5.69
595,2016-03-16,5.52,5.735,5.59,5.6
594,2016-03-15,5.566,6.03,5.59,6.0
593,2016-03-14,5.83,6.14,6.01,6.07
592,2016-03-11,5.75,6.14,6.07,5.78
591,2016-03-10,5.62,5.9,5.71,5.88
590,2016-03-09,5.81,6.05,5.86,5.89
589,2016-03-08,5.85,6.5899,5.87,6.47
588,2016-03-07,6.04,6.58,6.55,6.06
587,2016-03-04,5.82,6.36,6.12,5.92
586,2016-03-03,5.42,6.04,5.89,5.42
585,2016-03-02,5.33,5.49,5.45,5.33
584,2016-03-01,5.3202,5.58,5.41,5.41
583,2016-02-29,5.2745,5.7,5.41,5.28
582,2016-02-26,5.08,5.44,5.27,5.12
581,2016-02-25,4.94,5.23,5.11,5.13
580,2016-02-24,5.045,5.25,5.12,5.25
579,2016-02-23,5.19,5.35,5.26,5.35
578,2016-02-22,5.225,5.38,5.32,5.37
577,2016-02-19,5.02,5.23,5.21,5.21
576,2016-02-18,4.91,5.28,5.22,5.07
575,2016-02-17,4.8,5.33,5.03,4.85
574,2016-02-16,4.52,4.99,4.78,4.52
573,2016-02-12,3.89,4.51,4.44,3.98
572,2016-02-11,3.77,4.03,3.93,3.95
571,2016-02-10,3.97,4.25,4.01,4.03
570,2016-02-09,3.97,4.09,4.0,4.04
569,2016-02-08,3.94,4.23,4.11,4.05
568,2016-02-05,4.065,4.26,4.07,4.2
567,2016-02-04,4.04,4.28,4.2,4.09
566,2016-02-03,3.93,4.19,4.08,4.19
565,2016-02-02,4.08,4.32,4.12,4.32
564,2016-02-01,4.17,4.38,4.33,4.31
563,2016-01-29,4.16,4.359,4.32,4.17
562,2016-01-28,4.13,4.45,4.16,4.41
561,2016-01-27,4.34,4.56,4.35,4.45
560,2016-01-26,4.15,4.52,4.41,4.2
559,2016-01-25,4.14,4.56,4.16,4.52
558,2016-01-22,4.575,5.0299,4.59,4.92
557,2016-01-21,4.51,5.1,4.78,4.52
556,2016-01-20,4.09,4.6,4.54,4.33
555,2016-01-19,4.28,4.68,4.4,4.63
554,2016-01-15,4.371,4.68,4.62,4.65
553,2016-01-14,4.65,4.87,4.78,4.79
552,2016-01-13,4.785,5.15,4.79,5.0
551,2016-01-12,4.6,5.03,4.93,4.6
550,2016-01-11,4.23,4.5401,4.46,4.23
549,2016-01-08,4.02,5.15,4.22,5.12
548,2016-01-07,7.06,7.95,7.18,7.46
547,2016-01-06,7.36,7.71,7.57,7.61
546,2016-01-05,7.61,8.25,7.76,8.2
545,2016-01-04,7.91,8.28,8.17,8.04
544,2015-12-31,7.87,8.21,8.2,8.12
543,2015-12-30,7.8,8.53,8.25,7.89
542,2015-12-29,7.7,7.9799,7.91,7.87
541,2015-12-28,7.82,7.98,7.85,7.94
540,2015-12-24,7.83,8.06,7.99,8.0
539,2015-12-23,8.01,8.3,8.02,8.01
538,2015-12-22,7.95,8.25,8.06,8.16
537,2015-12-21,7.54,8.42,8.2,7.55
536,2015-12-18,7.12,7.83,7.8,7.13
535,2015-12-17,7.16,7.88,7.17,7.76
534,2015-12-16,7.68,8.15,7.8,7.81
533,2015-12-15,7.4501,7.978,7.87,7.57
532,2015-12-14,7.41,8.3691,7.51,8.11
531,2015-12-11,7.935,9.47,8.12,9.4
530,2015-12-10,9.76,10.11,10.1,9.89
529,2015-12-09,9.77,10.1,9.89,9.95
528,2015-12-08,9.7005,10.09,10.01,9.79
527,2015-12-07,9.85,10.2769,9.92,10.13
526,2015-12-04,10.04,10.41,10.29,10.12
525,2015-12-03,10.05,10.39,10.12,10.33
524,2015-12-02,10.01,10.41,10.29,10.03
523,2015-12-01,10.0,10.3723,10.06,10.28
522,2015-11-30,10.2,10.46,10.27,10.2
521,2015-11-27,10.14,10.31,10.14,10.23
520,2015-11-25,10.0,10.45,10.23,10.0
519,2015-11-24,9.71,10.42,9.99,10.42
518,2015-11-23,10.42,10.85,10.45,10.73
517,2015-11-20,10.68,11.04,10.78,10.97
516,2015-11-19,10.85,11.05,10.88,10.95
515,2015-11-18,10.86,11.07,10.95,11.01
514,2015-11-17,10.91,11.41,10.99,11.41
513,2015-11-16,10.97,11.32,11.3,11.0
512,2015-11-13,10.9,11.75,11.01,11.61
511,2015-11-12,11.55,11.93,11.74,11.69
510,2015-11-11,11.73,12.22,11.79,12.12
509,2015-11-10,11.88,12.23,12.12,11.98
508,2015-11-09,11.91,12.43,12.02,12.36
507,2015-11-06,12.31,12.5968,12.43,12.4
506,2015-11-05,11.88,12.44,12.41,11.89
505,2015-11-04,11.82,12.42,11.88,12.16
504,2015-11-03,11.61,12.26,12.11,11.67
503,2015-11-02,11.3,11.79,11.74,11.4
502,2015-10-30,11.15,11.59,11.41,11.18
501,2015-10-29,10.94,11.37,11.2,11.07
500,2015-10-28,10.86,11.34,11.13,10.99
499,2015-10-27,10.87,11.5,10.99,11.4
498,2015-10-26,11.35,11.87,11.45,11.63
497,2015-10-23,11.4,12.24,11.64,12.24
496,2015-10-22,12.13,12.444,12.21,12.37
495,2015-10-21,12.12,12.48,12.22,12.33
494,2015-10-20,12.1,12.5,12.23,12.14
493,2015-10-19,12.06,12.55,12.2,12.42
492,2015-10-16,12.22,12.55,12.45,12.44
491,2015-10-15,11.59,12.55,12.45,11.59
490,2015-10-14,11.3,12.06,11.42,12.04
489,2015-10-13,11.92,12.89,11.99,12.74
488,2015-10-12,11.9,12.76,12.73,11.91
487,2015-10-09,11.75,12.28,11.9,11.81
486,2015-10-08,11.5,12.25,11.75,12.1
485,2015-10-07,12.005,12.9799,12.04,12.7
484,2015-10-06,12.5499,14.2793,12.67,13.8
483,2015-10-05,14.95,16.1,15.57,15.14
482,2015-10-02,14.08,15.3,15.14,14.52
481,2015-10-01,12.58,14.91,14.69,14.13
480,2015-09-30,13.41,14.42,14.08,14.37
479,2015-09-29,13.96,15.15,14.22,15.11
478,2015-09-28,14.7,15.27,15.12,15.16
477,2015-09-25,15.0,16.05,15.24,15.78
476,2015-09-24,15.49,15.9,15.7,15.65
475,2015-09-23,15.26,15.81,15.77,15.53
474,2015-09-22,15.09,15.7,15.52,15.7
473,2015-09-21,15.77,16.38,15.87,16.1
472,2015-09-18,15.9,16.56,16.04,16.55
471,2015-09-17,16.6,17.31,16.7,17.29
470,2015-09-16,17.01,17.7,17.29,17.24
469,2015-09-15,16.73,17.35,17.17,16.77
468,2015-09-14,16.18,16.83,16.82,16.33
467,2015-09-11,16.21,16.86,16.36,16.86
466,2015-09-10,16.64,17.22,16.98,16.86
465,2015-09-09,16.64,17.18,16.91,17.06
464,2015-09-08,16.55,17.0,16.94,16.58
463,2015-09-04,16.38,16.83,16.4,16.42
462,2015-09-03,16.47,17.02,16.62,16.62
461,2015-09-02,16.41,16.785,16.65,16.62
460,2015-09-01,16.36,16.99,16.44,16.66
459,2015-08-31,16.554,17.16,16.91,16.76
458,2015-08-28,16.18,16.922,16.83,16.2
457,2015-08-27,15.76,16.38,16.16,16.0
456,2015-08-26,15.27,15.98,15.88,15.98
455,2015-08-25,15.69,16.63,15.73,16.1
454,2015-08-24,14.78,16.0,15.81,15.55
453,2015-08-21,16.08,16.53,16.2,16.18
452,2015-08-20,16.01,17.02,16.58,16.01
451,2015-08-19,15.74,15.97,15.76,15.96
450,2015-08-18,15.9,16.18,15.96,16.18
449,2015-08-17,15.87,16.29,16.2,16.14
448,2015-08-14,16.05,16.65,16.25,16.41
447,2015-08-13,16.31,16.76,16.47,16.73
446,2015-08-12,16.17,17.05,16.67,16.81
445,2015-08-11,16.75,17.08,16.82,16.93
444,2015-08-10,16.87,17.2,17.05,16.97
443,2015-08-07,16.57,16.96,16.95,16.6
442,2015-08-06,16.5,17.09,16.69,17.09
441,2015-08-05,16.92,17.71,17.15,17.4
440,2015-08-04,17.0,17.45,17.31,17.33
439,2015-08-03,17.14,18.27,17.28,18.27
438,2015-07-31,18.11,18.865,18.18,18.43
437,2015-07-30,18.11,18.65,18.44,18.3
436,2015-07-29,17.96,18.49,18.37,18.05
435,2015-07-28,17.67,18.15,18.0,18.15
434,2015-07-27,17.84,18.38,17.94,18.3
433,2015-07-24,17.88,18.5,18.35,18.05
432,2015-07-23,17.9,18.29,18.03,18.13
431,2015-07-22,18.0,18.45,18.12,18.12
430,2015-07-21,17.97,18.28,18.2,18.07
429,2015-07-20,17.71,18.18,18.03,18.0
428,2015-07-17,17.77,18.38,17.93,18.25
427,2015-07-16,18.2,18.5295,18.26,18.34
426,2015-07-15,18.26,18.92,18.3,18.74
425,2015-07-14,18.53,19.0,18.71,18.65
424,2015-07-13,18.4652,18.95,18.71,18.62
423,2015-07-10,17.88,18.66,18.4,18.0
422,2015-07-09,17.37,18.2476,17.89,17.94
421,2015-07-08,17.32,19.1999,17.93,18.41
420,2015-07-07,16.63,17.79,17.5,17.22
419,2015-07-06,16.77,17.57,17.3,16.86
418,2015-07-02,16.31,17.61,17.03,16.36
417,2015-07-01,16.08,17.0275,16.35,16.98
416,2015-06-30,16.8084,17.1,16.87,17.02
415,2015-06-29,16.82,17.22,16.91,17.08
414,2015-06-26,17.13,17.5,17.37,17.4
413,2015-06-25,17.0,17.6,17.41,17.17
412,2015-06-24,16.79,17.46,17.14,16.85
411,2015-06-23,16.62,17.27,16.96,16.69
410,2015-06-22,16.58,16.95,16.66,16.95
409,2015-06-19,16.81,17.35,16.81,17.18
408,2015-06-18,16.65,17.34,17.12,16.68
407,2015-06-17,16.59,16.94,16.69,16.73
406,2015-06-16,16.53,17.24,16.63,16.68
405,2015-06-15,16.391,17.09,16.73,16.88
404,2015-06-12,16.73,17.06,16.95,17.0
403,2015-06-11,16.7,17.17,17.02,17.05
402,2015-06-10,16.64,17.18,16.95,17.08
401,2015-06-09,16.84,17.44,16.95,16.86
400,2015-06-08,16.57,17.41,16.91,16.57
399,2015-06-05,16.51,17.86,16.67,17.18
398,2015-06-04,17.16,17.69,17.2,17.56
397,2015-06-03,17.4,18.08,17.67,17.77
396,2015-06-02,17.71,18.15,17.76,17.8
395,2015-06-01,17.76,18.4,17.88,18.38
394,2015-05-29,18.07,18.87,18.36,18.41
393,2015-05-28,17.91,18.47,18.46,17.97
392,2015-05-27,17.65,18.32,18.05,17.8
391,2015-05-26,17.39,17.9499,17.79,17.76
390,2015-05-22,17.45,18.11,17.77,17.7
389,2015-05-21,17.39,17.89,17.63,17.55
388,2015-05-20,17.04,17.53,17.49,17.46
387,2015-05-19,17.16,17.78,17.47,17.68
386,2015-05-18,17.2502,18.3,17.68,17.58
385,2015-05-15,15.8,17.91,17.87,16.39
384,2015-05-14,16.3,17.2,16.35,17.0
383,2015-05-13,16.342,16.9,16.84,16.5
382,2015-05-12,16.11,16.63,16.52,16.34
381,2015-05-11,15.87,16.6,16.45,15.93
380,2015-05-08,15.9,16.22,15.93,16.21
379,2015-05-07,15.82,16.37,16.11,16.36
378,2015-05-06,16.25,16.8484,16.42,16.66
377,2015-05-05,16.5,16.95,16.65,16.89
376,2015-05-04,16.5,17.25,16.84,17.25
375,2015-05-01,17.0,18.3,17.19,18.3
374,2015-04-30,17.4,18.43,18.26,17.85
373,2015-04-29,17.17,18.595,17.85,18.5
372,2015-04-28,16.38,18.65,18.61,16.52
371,2015-04-27,20.55,21.8,21.69,21.25
370,2015-04-24,21.27,21.89,21.47,21.75
369,2015-04-23,21.39,22.5,21.75,22.5
368,2015-04-22,21.58,22.5,22.05,22.46
367,2015-04-21,22.05,23.03,22.48,22.66
366,2015-04-20,22.03,23.01,22.94,22.37
365,2015-04-17,21.96,22.474,22.37,22.32
364,2015-04-16,22.0,22.93,22.44,22.34
363,2015-04-15,22.14,23.207,22.48,22.65
362,2015-04-14,21.94,23.5,22.89,22.23
361,2015-04-13,21.69,22.44,22.28,22.1
360,2015-04-10,21.87,22.75,22.18,22.75
359,2015-04-09,21.73,22.8,22.66,22.02
358,2015-04-08,21.14,22.135,22.07,21.74
357,2015-04-07,21.0917,22.36,21.74,21.25
356,2015-04-06,19.7,21.42,21.28,19.7
355,2015-04-02,18.67,20.34,20.12,18.67
354,2015-04-01,18.59,19.14,18.73,18.93
353,2015-03-31,18.74,19.57,19.05,19.03
352,2015-03-30,18.55,19.5,19.03,18.67
351,2015-03-27,18.22,18.75,18.63,18.63
350,2015-03-26,18.08,18.99,18.28,18.5
349,2015-03-25,18.88,20.01,19.05,19.88
348,2015-03-24,19.45,20.67,19.93,19.83
347,2015-03-23,18.69,20.16,19.84,18.72
346,2015-03-20,18.71,19.82,18.81,19.57
345,2015-03-19,18.964,19.88,19.43,18.97
344,2015-03-18,18.6,19.1,19.02,18.72
343,2015-03-17,18.56,19.14,18.8,18.58
342,2015-03-16,18.5401,19.25,18.68,18.97
341,2015-03-13,18.74,19.26,18.93,18.95
340,2015-03-12,18.46,18.98,18.94,18.47
339,2015-03-11,18.18,18.91,18.55,18.39
338,2015-03-10,17.88,18.42,18.29,18.01
337,2015-03-09,18.03,18.56,18.18,18.24
336,2015-03-06,18.06,18.79,18.15,18.52
335,2015-03-05,18.35,18.728,18.63,18.61
334,2015-03-04,18.18,18.99,18.67,18.99
333,2015-03-03,18.62,19.17,19.01,18.65
332,2015-03-02,18.34,18.79,18.76,18.46
331,2015-02-27,18.41,18.88,18.42,18.62
330,2015-02-26,17.88,18.96,18.56,18.63
329,2015-02-25,18.47,19.25,18.52,18.94
328,2015-02-24,18.7425,19.29,18.91,18.83
327,2015-02-23,18.59,19.57,18.82,19.57
326,2015-02-20,19.14,19.96,19.57,19.86
325,2015-02-19,19.69,20.2,19.88,20.01
324,2015-02-18,19.78,20.59,20.03,19.8
323,2015-02-17,19.79,20.49,19.89,20.01
322,2015-02-13,19.91,20.73,20.17,19.96
321,2015-02-12,19.8342,20.37,20.02,20.0
320,2015-02-11,19.28,20.0,19.99,19.49
319,2015-02-10,18.86,19.78,19.5,19.12
318,2015-02-09,18.85,19.21,19.09,19.21
317,2015-02-06,18.93,19.4,19.25,19.21
316,2015-02-05,19.13,19.75,19.27,19.19
315,2015-02-04,18.79,19.45,19.19,18.92
314,2015-02-03,18.71,19.49,19.14,18.71
313,2015-02-02,17.83,18.67,18.67,18.26
312,2015-01-30,18.18,19.21,18.22,18.86
311,2015-01-29,18.52,19.2,19.1,18.69
310,2015-01-28,18.11,19.03,18.69,18.91
309,2015-01-27,18.3901,19.35,18.91,18.77
308,2015-01-26,18.64,19.58,19.09,18.72
307,2015-01-23,18.27,18.94,18.83,18.79
306,2015-01-22,18.68,19.458,18.87,19.34
305,2015-01-21,18.27,19.52,19.22,18.41
304,2015-01-20,17.68,18.5,18.43,18.22
303,2015-01-16,16.972,18.33,18.15,17.36
302,2015-01-15,17.25,17.89,17.46,17.77
301,2015-01-14,16.7,17.96,17.77,17.1
300,2015-01-13,17.07,18.63,17.22,18.43
299,2015-01-12,18.171,18.9,18.37,18.33
298,2015-01-09,17.9,19.52,18.19,19.46
297,2015-01-08,19.51,21.68,21.21,20.7
296,2015-01-07,18.63,20.45,20.34,18.63
295,2015-01-06,17.53,18.69,18.48,18.39
294,2015-01-05,18.13,19.182,18.32,19.11
293,2015-01-02,18.99,19.77,19.38,19.29
292,2014-12-31,18.55,19.568,19.13,19.28
291,2014-12-30,18.75,20.0,19.28,19.73
290,2014-12-29,19.3,20.18,19.97,19.47
289,2014-12-26,19.361,20.702,19.46,20.49
288,2014-12-24,19.89,20.475,20.22,20.0
287,2014-12-23,19.81,20.84,20.02,19.89
286,2014-12-22,18.96,19.88,19.87,18.96
285,2014-12-19,18.74,19.47,19.02,19.17
284,2014-12-18,19.07,19.8,19.2,19.64
283,2014-12-17,18.74,20.01,19.69,18.77
282,2014-12-16,17.97,19.0,18.64,18.02
281,2014-12-15,17.72,18.57,18.15,17.72
280,2014-12-12,17.01,17.9,17.64,17.02
279,2014-12-11,16.59,17.88,17.13,17.19
278,2014-12-10,16.8235,17.47,16.97,17.47
277,2014-12-09,16.9001,17.57,17.48,17.1
276,2014-12-08,17.01,17.82,17.36,17.46
275,2014-12-05,17.49,18.4942,17.54,17.89
274,2014-12-04,17.673,19.03,17.88,18.74
273,2014-12-03,18.7,19.07,18.8,19.07
272,2014-12-02,19.07,19.69,19.1,19.31
271,2014-12-01,19.21,21.73,19.28,21.73
270,2014-11-28,21.77,22.28,21.78,22.06
269,2014-11-26,21.82,23.04,22.01,22.75
268,2014-11-25,22.98,23.62,23.12,23.41
267,2014-11-24,22.207,23.45,23.44,22.3
266,2014-11-21,22.12,23.44,22.22,23.44
265,2014-11-20,21.79,23.2,23.1,21.79
264,2014-11-19,21.82,23.25,22.0,23.25
263,2014-11-18,22.7,23.515,23.22,22.7
262,2014-11-17,22.4,23.36,22.7,23.33
261,2014-11-14,22.4,23.8764,23.41,22.59
260,2014-11-13,21.8,22.9375,22.62,22.51
259,2014-11-12,21.19,22.93,22.65,21.23
258,2014-11-11,20.7,21.48,21.39,20.95
257,2014-11-10,20.4,21.95,20.99,21.95
256,2014-11-07,20.46,22.055,21.93,20.53
255,2014-11-06,18.75,19.43,19.23,18.76
254,2014-11-05,18.487,19.06,18.8,18.7
253,2014-11-04,18.49,18.74,18.57,18.58
252,2014-11-03,18.36,18.73,18.58,18.44
251,2014-10-31,18.245,18.71,18.44,18.42
250,2014-10-30,21.8,22.9375,22.62,22.51
249,2014-10-29,16.86,17.49,17.07,17.42
248,2014-10-28,16.81,17.5,17.42,16.82
247,2014-10-27,16.79,17.47,16.84,17.3
246,2014-10-24,16.58,17.38,17.29,16.73
245,2014-10-23,16.69,17.289,16.75,17.02
244,2014-10-22,16.96,17.4599,16.99,17.31
243,2014-10-21,17.18,17.6,17.32,17.58
242,2014-10-20,17.07,17.55,17.41,17.21
241,2014-10-17,17.1,17.74,17.28,17.47
240,2014-10-16,17.028,17.9,17.28,17.25
239,2014-10-15,16.59,17.51,17.41,17.0
238,2014-10-14,15.67,17.34,17.3,15.67
237,2014-10-13,15.52,16.49,15.66,16.05
236,2014-10-10,15.68,16.49,16.06,16.0
235,2014-10-09,15.49,16.57,16.0,16.56
234,2014-10-08,15.68,17.03,16.26,16.6
233,2014-10-07,15.98,19.35,16.44,19.07
232,2014-10-06,21.7327,23.15,21.89,22.8
231,2014-10-03,22.54,23.225,22.77,22.76
230,2014-10-02,21.43,22.6,22.49,21.43
229,2014-10-01,21.11,21.8,21.43,21.72
228,2014-09-30,21.63,22.66,21.77,22.52
227,2014-09-29,22.21,23.49,22.57,22.97
226,2014-09-26,22.73,23.23,23.04,23.15
225,2014-09-25,22.7485,23.45,23.18,23.38
224,2014-09-24,23.03,23.72,23.5,23.15
223,2014-09-23,22.57,23.41,23.08,23.19
222,2014-09-22,22.79,23.88,23.32,23.75
221,2014-09-19,22.84,24.0,23.76,22.88
220,2014-09-18,21.96,22.95,22.85,21.96
219,2014-09-17,22.1,23.17,22.45,23.11
218,2014-09-16,22.64,23.46,23.11,22.64
217,2014-09-15,22.23,22.98,22.7,22.51
216,2014-09-12,21.79,22.83,22.65,21.89
215,2014-09-11,21.37,22.13,21.85,21.47
214,2014-09-10,21.01,21.747,21.63,21.24
213,2014-09-09,21.17,22.36,21.33,22.05
212,2014-09-08,21.5501,22.5,22.17,21.67
211,2014-09-05,21.23,21.82,21.78,21.51
210,2014-09-04,21.21,22.18,21.67,21.28
209,2014-09-03,20.81,21.645,21.36,21.4
208,2014-09-02,20.65,21.46,21.4,21.23
207,2014-08-29,20.95,21.725,21.14,21.2
206,2014-08-28,21.11,21.7572,21.2,21.66
205,2014-08-27,21.4628,22.35,21.93,22.14
204,2014-08-26,22.01,22.385,22.2,22.34
203,2014-08-25,22.25,22.87,22.42,22.77
202,2014-08-22,22.02,23.279,22.75,22.02
201,2014-08-21,21.67,22.565,22.01,22.5
200,2014-08-20,21.25,22.616,22.51,21.25
199,2014-08-19,21.02,21.75,21.46,21.03
198,2014-08-18,20.8401,21.4399,21.03,21.09
197,2014-08-15,20.694,21.79,21.0,21.79
196,2014-08-14,21.307,22.25,21.58,21.41
195,2014-08-13,21.17,21.96,21.41,21.9
194,2014-08-12,21.96,22.68,21.97,22.58
193,2014-08-11,22.31,22.96,22.66,22.57
192,2014-08-08,22.01,22.6,22.44,22.07
191,2014-08-07,21.93,22.45,22.1,22.23
190,2014-08-06,21.02,22.59,22.27,21.09
189,2014-08-05,21.09,21.95,21.17,21.34
188,2014-08-04,20.67,21.59,21.53,21.0
187,2014-08-01,20.74,21.1,21.0,21.02
186,2014-07-31,20.95,21.4,21.03,21.11
185,2014-07-30,21.21,21.478,21.33,21.21
184,2014-07-29,20.79,21.24,21.11,21.0
183,2014-07-28,20.32,21.17,20.85,20.64
182,2014-07-25,20.61,21.0,20.67,20.71
181,2014-07-24,20.81,21.28,21.0,21.04
180,2014-07-23,20.701,21.26,21.0,20.9
179,2014-07-22,20.96,21.777,20.97,21.66
178,2014-07-21,21.36,22.51,21.84,22.25
177,2014-07-18,22.23,22.74,22.48,22.37
176,2014-07-17,22.08,22.96,22.34,22.74
175,2014-07-16,22.75,24.216,22.88,23.82
174,2014-07-15,23.58,24.86,23.85,24.59
173,2014-07-14,24.25,25.0,24.5,24.48
172,2014-07-11,24.14,24.76,24.25,24.68
171,2014-07-10,24.03,25.61,24.58,24.1
170,2014-07-09,22.88,24.9,24.8,23.01
169,2014-07-08,26.75,27.65,27.07,27.65
168,2014-07-07,27.06,27.96,27.52,27.5
167,2014-07-03,27.0,27.99,27.26,27.5
166,2014-07-02,27.11,29.39,27.25,28.0
165,2014-07-01,27.1735,28.09,27.66,27.83
164,2014-06-30,27.53,29.16,27.78,29.12
163,2014-06-27,29.0,30.38,29.0,29.37
162,2014-06-26,29.1,29.71,29.41,29.71
161,2014-06-25,29.0,29.9,29.18,29.72
160,2014-06-24,28.82,29.8565,28.9,29.64
159,2014-06-23,29.19,30.35,29.44,30.2
158,2014-06-20,28.8,30.15,29.98,29.86
157,2014-06-19,29.51,30.68,29.96,29.85
156,2014-06-18,29.36,30.39,29.69,29.72
155,2014-06-17,28.22,29.62,29.34,28.52
154,2014-06-16,27.75,28.69,28.52,27.9
153,2014-06-13,27.3,28.12,27.73,27.99
152,2014-06-12,27.37,28.3799,27.99,27.52
151,2014-06-11,27.15,27.62,27.57,27.15
150,2014-06-10,26.86,27.44,27.37,27.29
149,2014-06-09,27.35,27.85,27.5,27.5
148,2014-06-06,26.9,27.87,27.51,27.14
147,2014-06-05,26.26,27.31,26.9,27.05
146,2014-06-04,26.8,27.55,26.82,27.55
145,2014-06-03,26.5,27.93,27.57,26.77
144,2014-06-02,26.87,28.9899,26.95,28.75
143,2014-05-30,27.82,28.99,28.66,28.0
142,2014-05-29,26.8,28.25,28.09,27.06
141,2014-05-28,26.82,27.78,26.87,27.63
140,2014-05-27,27.5,28.49,27.59,27.95
139,2014-05-23,26.1665,28.34,27.3,26.27
138,2014-05-22,25.16,26.37,26.16,25.33
137,2014-05-21,25.18,26.13,25.39,26.02
136,2014-05-20,25.44,26.6,26.0,26.52
135,2014-05-19,26.72,27.44,26.75,27.1
134,2014-05-16,26.6076,27.38,27.34,27.04
133,2014-05-15,26.27,27.23,27.14,26.76
132,2014-05-14,26.7,27.5,26.92,27.07
131,2014-05-13,26.98,27.8799,27.25,27.4
130,2014-05-12,26.18,27.69,27.5,26.18
129,2014-05-09,25.7,26.09,25.95,25.7
128,2014-05-08,25.56,26.82,25.79,25.79
127,2014-05-07,25.5,26.77,25.97,26.61
126,2014-05-06,26.57,27.98,26.63,27.8
125,2014-05-05,27.79,28.8,27.9,28.65
124,2014-05-02,27.81,29.0,28.86,27.82
123,2014-05-01,27.22,28.04,27.79,27.68
122,2014-04-30,27.5,28.96,27.59,28.37
121,2014-04-29,26.14,29.63,28.5,27.08
120,2014-04-28,29.0,30.14,29.87,30.0
119,2014-04-25,29.66,30.56,29.9,30.5
118,2014-04-24,30.07,31.42,30.67,31.39
117,2014-04-23,31.06,32.05,31.16,31.25
116,2014-04-22,31.0,31.71,31.44,31.48
115,2014-04-21,31.5,32.68,31.5,31.81
114,2014-04-17,30.861,31.74,31.61,31.05
113,2014-04-16,30.7,31.58,31.02,31.01
112,2014-04-15,29.355,31.75,30.9,31.0
111,2014-04-14,30.14,31.696,30.99,31.59
110,2014-04-11,30.25,31.83,31.25,31.2
109,2014-04-10,31.17,32.98,31.85,32.76
108,2014-04-09,32.17,33.5,32.8,33.22
107,2014-04-08,32.43,34.1575,33.21,33.95
106,2014-04-07,33.46,34.5,34.03,34.3
105,2014-04-04,34.2365,35.66,34.55,35.66
104,2014-04-03,34.78,36.79,35.41,36.41
103,2014-04-02,34.4395,36.49,36.29,34.9
102,2014-04-01,33.65,35.39,34.72,33.96
101,2014-03-31,32.31,34.5,33.95,32.68
100,2014-03-28,31.66,33.0,32.68,32.0
99,2014-03-27,31.01,32.01,31.97,31.92
98,2014-03-26,31.64,33.47,32.08,33.13
97,2014-03-25,32.89,34.26,33.07,34.24
96,2014-03-24,33.2,34.81,33.86,34.5
95,2014-03-21,34.17,35.8975,34.47,35.64
94,2014-03-20,34.5,35.68,35.56,34.94
93,2014-03-19,34.82,36.0,34.98,35.84
92,2014-03-18,35.18,36.299,35.82,35.49
91,2014-03-17,35.1,35.68,35.41,35.43
90,2014-03-14,34.69,35.88,35.28,34.69
89,2014-03-13,34.38,35.982,35.08,35.71
88,2014-03-12,33.5,36.27,35.43,33.8
87,2014-03-11,33.7,34.9,34.1,34.83
86,2014-03-10,34.0824,35.1,34.76,34.66
85,2014-03-07,34.69,35.89,34.86,35.89
84,2014-03-06,35.57,37.25,35.8,36.75
83,2014-03-05,35.68,36.55,36.05,36.26
82,2014-03-04,35.29,36.5,36.25,35.74
81,2014-03-03,35.04,36.25,35.38,35.4
80,2014-02-28,35.41,36.3,35.81,36.01
79,2014-02-27,34.5,36.1,35.97,34.9
78,2014-02-26,33.3213,35.25,34.93,33.69
77,2014-02-25,32.8,33.975,33.31,33.65
76,2014-02-24,33.036,34.48,34.11,34.0
75,2014-02-21,35.04,35.9599,35.17,35.51
74,2014-02-20,35.5009,36.15,35.65,35.71
73,2014-02-19,35.51,37.01,35.81,36.9
72,2014-02-18,36.71,37.8258,36.89,37.24
71,2014-02-14,36.648,37.82,36.96,37.82
70,2014-02-13,35.91,37.0,36.43,37.0
69,2014-02-12,37.25,39.38,37.46,39.22
68,2014-02-11,38.19,39.48,39.15,38.55
67,2014-02-10,37.68,38.95,38.18,38.6
66,2014-02-07,37.14,38.79,38.42,37.14
65,2014-02-06,35.49,37.46,37.03,35.77
64,2014-02-05,35.42,36.5,35.76,36.45
63,2014-02-04,36.07,37.4765,36.75,36.15
62,2014-02-03,34.5037,37.4,36.14,36.8
61,2014-01-31,35.51,36.76,36.75,36.15
60,2014-01-30,35.53,37.0,36.82,35.79
59,2014-01-29,34.23,36.2,35.45,36.14
58,2014-01-28,36.111,38.19,36.49,38.04
57,2014-01-27,37.5,38.63,37.74,38.06
56,2014-01-24,37.0,38.4,37.95,38.0
55,2014-01-23,37.75,38.7499,38.0,38.74
54,2014-01-22,38.251,38.6695,38.43,38.5
53,2014-01-21,38.1001,38.99,38.43,38.99
52,2014-01-17,37.75,39.4,38.38,39.2
51,2014-01-16,38.03,39.9706,38.91,39.9
50,2014-01-15,38.54,39.82,39.4,38.76
49,2014-01-14,37.6,39.669,38.18,39.6
48,2014-01-13,39.0,40.6,39.09,40.48
47,2014-01-10,38.1,39.739,39.45,38.47
46,2014-01-09,36.5,40.5,38.1,40.35
45,2014-01-08,38.69,41.5,39.01,41.23
44,2014-01-07,43.12,45.79,45.79,43.84
43,2014-01-06,42.76,45.0,42.98,44.67
42,2014-01-03,41.78,45.18,42.66,44.79
41,2014-01-02,43.78,46.87,43.78,46.87
40,2013-12-31,45.6,47.07,46.61,46.29
39,2013-12-30,43.6,46.28,45.98,43.6
38,2013-12-27,43.05,43.8,43.52,43.71
37,2013-12-26,42.31,43.65,42.74,43.65
36,2013-12-24,42.9583,43.49,43.33,43.2
35,2013-12-23,41.84,43.35,42.88,42.44
34,2013-12-20,38.6,42.41,41.28,40.97
33,2013-12-19,40.22,43.6,40.25,43.51
32,2013-12-18,42.52,43.96,43.81,42.8
31,2013-12-17,40.82,42.43,42.4,41.41
30,2013-12-16,39.525,41.36,41.16,40.01
29,2013-12-13,38.75,39.57,39.36,38.75
28,2013-12-12,37.85,38.879,38.74,38.0
27,2013-12-11,37.62,39.45,38.28,39.45
26,2013-12-10,39.48,42.0,39.65,41.64
25,2013-12-09,41.3,43.21,41.65,42.89
24,2013-12-06,42.311,44.7,42.5,44.49
23,2013-12-05,41.75,43.4583,43.2,42.24
22,2013-12-04,41.48,44.51,41.82,43.83
21,2013-12-03,42.22,43.69,43.13,43.5
20,2013-12-02,41.28,43.52,43.09,41.6
19,2013-11-29,40.5,41.7,40.69,41.34
18,2013-11-27,40.35,41.5,40.48,41.14
17,2013-11-26,38.71,40.3,40.06,39.1
16,2013-11-25,37.76,39.0,38.2,37.99
15,2013-11-22,35.27,37.598,37.36,35.6
14,2013-11-21,34.28,35.3,35.19,34.95
13,2013-11-20,33.75,35.98,34.14,35.98
12,2013-11-19,34.95,38.1291,35.16,37.78
11,2013-11-18,34.28,38.32,37.64,34.75
10,2013-11-15,33.33,33.85,33.55,33.75
9,2013-11-14,33.54,34.25,33.65,34.15
8,2013-11-13,33.05,34.5,34.15,33.5
7,2013-11-12,33.7501,34.54,33.99,34.54
6,2013-11-11,33.92,35.35,34.24,35.35
5,2013-11-08,34.73,35.46,34.95,35.3
4,2013-11-07,34.12,36.8,35.31,36.8
3,2013-11-06,35.61,36.49,35.9,35.61
2,2013-11-05,34.821,35.5,35.35,35.11
1,2013-11-04,34.69,36.8,35.35,36.8
0,2013-11-01,32.1,37.0,36.2,35.0
